{
   "title":"The Nature of Code",
   "destination":"build/:build",
   "files":[
      "chapters/00_1_titlepage.html",
      "chapters/00_2_dedication.html",
      "chapters/00_3_creditscopyright.html",
      "chapters/00_5_preface.html",
      "chapters/00_6_TOC.html",
      "chapters/00_7_intro.html",
      "chapters/01_vectors.html",
      "chapters/02_forces.html",
      "chapters/03_oscillation.html",
      "chapters/04_particles.html",
      "chapters/05_physicslib.html",
      "chapters/06_steering.html",
      "chapters/07_ca.html",
      "chapters/08_fractals.html",
      "chapters/09_ga.html",
      "chapters/10_nn.html",
      "chapters/xx_1_furtherreading.html"
   ],
   "addPlugins":[
     "magicbook-codesplit",
     "magicbook-katex"
   ],
   "builds":[
      {
         "format":"pdf",
         "prince" : {
            "log":"errors.txt",
            "timeout" : 300000
         },
         "layout":"layouts/pdf.html",
         "stylesheets":{
            "files": [ "stylesheets/pdf.scss" ]
         },
         "images" : {
            "files" : "noc_pdf/imgs/**/*.*"
         },
         "fonts" : {
            "destination" : "assets/fonts/"
         }
      },
      {
         "format":"html",
          "layout":"layouts/html.html",
          "stylesheets":{
             "files": [ "stylesheets/html.scss" ]
          },
          "images" : {
             "files" : "noc_html/imgs/**/*.*"
          },
          "fonts" : {
             "destination" : "assets/fonts/"
          }
      }
   ]
}
